Country Name,Country Code,Indicator Name,Indicator Code,1960,1961,1962,1963,1964,1965,1966,1967,1968,1969,1970,1971,1972,1973,1974,1975,1976,1977,1978,1979,1980,1981,1982,1983,1984,1985,1986,1987,1988,1989,1990,1991,1992,1993,1994,1995,1996,1997,1998,1999,2000,2001,2002,2003,2004,2005,2006,2007,2008,2009,2010,2011,2012,2013,2014,2015,2016,2017,2018,2019,2020,2021
ABW,Gini index,SI.POV.GINI,,,,,,,,,,,,,,,,,,,,,,,,,,,,,,,,,,,,,,,,,,,,,,,,,,,,,,,,,,,,,,,
AFE,Gini index,SI.POV.GINI,,,,,,,,,,,,,,,,,,,,,,,,,,,,,,,,,,,,,,,,,,,,,,,,,,,,,,,,,,,,,,,
AFG,Gini index,SI.POV.GINI,,,,,,,,,,,,,,,,,,,,,,,,,,,,,,,,,,,,,,,,,,,,,,,,,,,,,,,,,,,,,,,
AFW,Gini index,SI.POV.GINI,,,,,,,,,,,,,,,,,,,,,,,,,,,,,,,,,,,,,,,,,,,,,,,,,,,,,,,,,,,,,,,
AGO,Gini index,SI.POV.GINI,,,,,,,,,,,,,,,,,,,,,,,,,,,,,,,,,,,,,,,,,52.0,,,,,,,,42.7,,,,,,,,,,51.3,,,,
ALB,Gini index,SI.POV.GINI,,,,,,,,,,,,,,,,,,,,,,,,,,,,,,,,,,,,,27.0,,,,,,31.7,,,30.6,,,30.0,,,,29.0,,34.6,32.8,33.7,33.1,30.1,30.8,,,
AND,Gini index,SI.POV.GINI,,,,,,,,,,,,,,,,,,,,,,,,,,,,,,,,,,,,,,,,,,,,,,,,,,,,,,,,,,,,,,,
ARB,Gini index,SI.POV.GINI,,,,,,,,,,,,,,,,,,,,,,,,,,,,,,,,,,,,,,,,,,,,,,,,,,,,,,,,,,,,,,,
ARE,Gini index,SI.POV.GINI,,,,,,,,,,,,,,,,,,,,,,,,,,,,,,,,,,,,,,,,,,,,,,,,,,,,,,32.5,,,,,26.0,,,,
ARG,Gini index,SI.POV.GINI,,,,,,,,,,,,,,,,,,,,,40.8,,,,,,42.8,45.3,,,,46.8,45.5,44.9,45.9,48.9,49.5,49.1,50.7,49.8,51.1,53.3,53.8,50.9,48.4,47.7,46.3,46.2,44.9,43.7,43.6,42.6,41.3,40.9,41.6,,42.0,41.1,41.3,42.9,42.3,,
ARM,Gini index,SI.POV.GINI,,,,,,,,,,,,,,,,,,,,,,,,,,,,,,,,,,,,,,,,36.2,,35.4,34.8,33.0,37.5,36.0,29.7,31.2,29.2,28.0,30.0,29.4,29.6,30.6,31.5,32.4,32.5,33.6,34.4,29.9,25.2,,
ASM,Gini index,SI.POV.GINI,,,,,,,,,,,,,,,,,,,,,,,,,,,,,,,,,,,,,,,,,,,,,,,,,,,,,,,,,,,,,,,
ATG,Gini index,SI.POV.GINI,,,,,,,,,,,,,,,,,,,,,,,,,,,,,,,,,,,,,,,,,,,,,,,,,,,,,,,,,,,,,,,
AUS,Gini index,SI.POV.GINI,,,,,,,,,,,,,,,,,,,,,,31.3,,,,32.5,,,,33.2,,,,,,32.6,,,,,,33.5,,33.5,33.1,,,,35.4,,34.7,,,,34.4,,33.7,,34.3,,,,
AUT,Gini index,SI.POV.GINI,,,,,,,,,,,,,,,,,,,,,,,,,,,,23.0,,,,,,,31.3,31.1,,30.2,,,28.8,,,29.5,29.8,28.7,29.6,30.6,30.4,31.5,30.3,30.8,30.5,30.8,30.5,30.5,30.8,29.7,30.8,30.2,,,
AZE,Gini index,SI.POV.GINI,,,,,,,,,,,,,,,,,,,,,,,,,,,,,,,,,,,,34.7,,,,,,36.5,25.3,26.8,26.6,26.6,,,,,,,,,,,,,,,,,
BDI,Gini index,SI.POV.GINI,,,,,,,,,,,,,,,,,,,,,,,,,,,,,,,,,33.3,,,,,,42.3,,,,,,,,33.4,,,,,,,38.6,,,,,,,,,
BEL,Gini index,SI.POV.GINI,,,,,,,,,,,,,,,,,,,,,,,,,,25.2,,,25.7,,,,25.0,,,28.4,,26.8,,,33.1,,,28.1,30.5,29.3,28.1,29.2,28.4,28.6,28.4,28.1,27.5,27.7,28.1,27.7,27.6,27.4,27.2,27.2,,,
BEN,Gini index,SI.POV.GINI,,,,,,,,,,,,,,,,,,,,,,,,,,,,,,,,,,,,,,,,,,,,38.6,,,,,,,,43.4,,,,47.8,,,37.8,,,,
BFA,Gini index,SI.POV.GINI,,,,,,,,,,,,,,,,,,,,,,,,,,,,,,,,,,,48.1,,,,49.9,,,,,43.3,,,,,,39.8,,,,,35.3,,,,47.3,,,,
BGD,Gini index,SI.POV.GINI,,,,,,,,,,,,,,,,,,,,,,,,25.9,,26.9,,,28.8,,,27.6,,,,32.9,,,,,33.4,,,,,33.2,,,,,32.1,,,,,,32.4,,,,,,
BGR,Gini index,SI.POV.GINI,,,,,,,,,,,,,,,,,,,,,,,,,,,,,,,,,,,,,,,,,,,,,,,35.7,36.1,33.6,33.8,35.7,34.3,36.0,36.6,37.4,38.6,40.6,40.4,41.3,40.3,,,
BHR,Gini index,SI.POV.GINI,,,,,,,,,,,,,,,,,,,,,,,,,,,,,,,,,,,,,,,,,,,,,,,,,,,,,,,,,,,,,,,
BHS,Gini index,SI.POV.GINI,,,,,,,,,,,,,,,,,,,,,,,,,,,,,,,,,,,,,,,,,,,,,,,,,,,,,,,,,,,,,,,
BIH,Gini index,SI.POV.GINI,,,,,,,,,,,,,,,,,,,,,,,,,,,,,,,,,,,,,,,,,,30.0,,,34.0,,,33.1,,,,33.0,,,,,,,,,,,
BLR,Gini index,SI.POV.GINI,,,,,,,,,,,,,,,,,,,,,,,,,,,,,,,,,,,,,,,32.0,31.7,31.2,30.6,30.3,28.8,26.5,27.6,28.3,29.6,27.8,27.7,28.6,27.2,26.5,26.6,27.2,25.6,25.3,25.4,25.2,25.3,24.4,,
BLZ,Gini index,SI.POV.GINI,,,,,,,,,,,,,,,,,,,,,,,,,,,,,,,,,,60.3,60.9,,56.6,60.4,54.9,53.3,,,,,,,,,,,,,,,,,,,,,,,
BMU,Gini index,SI.POV.GINI,,,,,,,,,,,,,,,,,,,,,,,,,,,,,,,,,,,,,,,,,,,,,,,,,,,,,,,,,,,,,,,
BOL,Gini index,SI.POV.GINI,,,,,,,,,,,,,,,,,,,,,,,,,,,,,,,,,,,,,,58.2,,58.1,61.6,57.4,59.3,,55.0,58.5,56.7,54.5,50.8,49.2,,46.1,46.6,47.6,47.8,46.7,45.3,44.6,42.6,41.6,43.6,,
BRA,Gini index,SI.POV.GINI,,,,,,,,,,,,,,,,,,,,,,57.9,58.4,59.0,58.4,55.6,58.5,59.7,61.4,63.3,60.5,,53.2,60.1,,59.6,59.9,59.8,59.6,59.0,,58.4,58.1,57.6,56.5,56.3,55.6,54.9,54.0,53.7,,52.9,53.4,52.7,52.0,51.9,53.3,53.3,53.9,53.5,48.9,,
BRB,Gini index,SI.POV.GINI,,,,,,,,,,,,,,,,,,,,,,,,,,,,,,,,,,,,,,,,,,,,,,,,,,,,,,,,,,,,,,,
BRN,Gini index,SI.POV.GINI,,,,,,,,,,,,,,,,,,,,,,,,,,,,,,,,,,,,,,,,,,,,,,,,,,,,,,,,,,,,,,,
BTN,Gini index,SI.POV.GINI,,,,,,,,,,,,,,,,,,,,,,,,,,,,,,,,,,,,,,,,,,,,40.9,,,,38.1,,,,,38.8,,,,,37.4,,,,,
BWA,Gini index,SI.POV.GINI,,,,,,,,,,,,,,,,,,,,,,,,,,54.2,,,,,,,,60.8,,,,,,,,,64.7,,,,,,,60.5,,,,,,53.3,,,,,,,
CAF,Gini index,SI.POV.GINI,,,,,,,,,,,,,,,,,,,,,,,,,,,,,,,,,61.3,,,,,,,,,,,,,,,,56.2,,,,,,,,,,,,,,
CAN,Gini index,SI.POV.GINI,,,,,,,,,,,,37.3,,,,33.3,,,,,,32.4,,,,,,31.5,,,,31.0,,,31.3,,,31.6,33.2,,33.3,,,,33.7,,,33.8,,,33.6,,33.5,33.8,33.2,33.7,32.7,33.3,,,,,
CEB,Gini index,SI.POV.GINI,,,,,,,,,,,,,,,,,,,,,,,,,,,,,,,,,,,,,,,,,,,,,,,,,,,,,,,,,,,,,,,
CHE,Gini index,SI.POV.GINI,,,,,,,,,,,,,,,,,,,,,,,36.0,,,,,,,,,,33.9,,,,,,,,33.4,,31.7,,,,33.9,34.3,33.8,32.9,32.6,31.7,31.6,32.5,32.5,32.3,33.0,32.7,33.1,,,,
CHI,Gini index,SI.POV.GINI,,,,,,,,,,,,,,,,,,,,,,,,,,,,,,,,,,,,,,,,,,,,,,,,,,,,,,,,,,,,,,,
CHL,Gini index,SI.POV.GINI,,,,,,,,,,,,,,,,,,,,,,,,,,,,56.2,,,57.2,,54.8,,56.4,,54.9,,55.5,,52.8,,,51.5,,,47.3,,,47.0,,46.0,,45.8,,44.4,,44.4,,,44.9,,
CHN,Gini index,SI.POV.GINI,,,,,,,,,,,,,,,,,,,,,,,,,,,,,,,32.2,,,33.9,,,35.2,,,38.7,,,42.0,,,40.9,,,43.0,,43.7,42.4,42.2,39.7,39.2,38.6,38.5,39.1,38.5,38.2,,,
CIV,Gini index,SI.POV.GINI,,,,,,,,,,,,,,,,,,,,,,,,,,45.5,38.0,40.5,36.9,,,,39.4,,,40.6,,,39.0,,,,41.3,,,,,,43.2,,,,,,,41.5,,,37.2,,,,
CMR,Gini index,SI.POV.GINI,,,,,,,,,,,,,,,,,,,,,,,,,,,,,,,,,,,,,44.4,,,,,42.1,,,,,,42.8,,,,,,,46.6,,,,,,,,
COD,Gini index,SI.POV.GINI,,,,,,,,,,,,,,,,,,,,,,,,,,,,,,,,,,,,,,,,,,,,,42.2,,,,,,,,42.1,,,,,,,,,,
COG,Gini index,SI.POV.GINI,,,,,,,,,,,,,,,,,,,,,,,,,,,,,,,,,,,,,,,,,,,,,,47.3,,,,,,48.9,,,,,,,,,,,
COL,Gini index,SI.POV.GINI,,,,,,,,,,,,,,,,,,,,,,,,,,,,,,,,,51.5,,,,56.9,,,58.7,58.7,57.5,56.0,53.6,55.0,53.9,,,55.3,54.3,54.6,53.5,52.6,52.6,52.6,51.0,50.6,49.7,50.4,51.3,54.2,,
COM,Gini index,SI.POV.GINI,,,,,,,,,,,,,,,,,,,,,,,,,,,,,,,,,,,,,,,,,,,,,55.9,,,,,,,,,,45.3,,,,,,,,
CPV,Gini index,SI.POV.GINI,,,,,,,,,,,,,,,,,,,,,,,,,,,,,,,,,,,,,,,,,,52.5,,,,,,47.2,,,,,,,,42.4,,,,,,,
CRI,Gini index,SI.POV.GINI,,,,,,,,,,,,,,,,,,,,,,47.5,,,,,34.4,,,45.6,45.3,46.6,45.7,46.0,46.8,45.7,46.5,45.6,45.7,47.7,47.4,51.5,51.8,49.3,48.4,47.5,49.3,49.3,48.6,50.6,48.0,48.8,48.4,49.2,48.6,48.4,48.7,48.3,48.0,48.2,49.3,,
CSS,Gini index,SI.POV.GINI,,,,,,,,,,,,,,,,,,,,,,,,,,,,,,,,,,,,,,,,,,,,,,,,,,,,,,,,,,,,,,,
CUB,Gini index,SI.POV.GINI,,,,,,,,,,,,,,,,,,,,,,,,,,,,,,,,,,,,,,,,,,,,,,,,,,,,,,,,,,,,,,,
CUW,Gini index,SI.POV.GINI,,,,,,,,,,,,,,,,,,,,,,,,,,,,,,,,,,,,,,,,,,,,,,,,,,,,,,,,,,,,,,,
CYM,Gini index,SI.POV.GINI,,,,,,,,,,,,,,,,,,,,,,,,,,,,,,,,,,,,,,,,,,,,,,,,,,,,,,,,,,,,,,,
CYP,Gini index,SI.POV.GINI,,,,,,,,,,,,,,,,,,,,,,,,,,,,,,,,,,,,,,,,,,,,,30.1,30.3,31.1,31.1,31.7,32.1,31.5,32.6,34.3,37.0,35.6,34.0,32.9,31.4,32.7,31.2,,,
CZE,Gini index,SI.POV.GINI,,,,,,,,,,,,,,,,,,,,,,,,,,,,,,,,,20.7,26.6,,,25.8,,,,,,26.6,,27.5,26.9,26.7,26.0,26.3,26.2,26.6,26.4,26.1,26.5,25.9,25.9,25.4,24.9,25.0,25.3,,,
DEU,Gini index,SI.POV.GINI,,,,,,,,,,,,,,,,,,,,,,,,,,,,,,,,29.4,29.2,28.7,29.2,29.0,28.4,28.3,28.3,29.1,28.9,30.1,29.9,30.1,30.3,31.8,31.2,31.4,30.9,30.5,30.3,30.8,31.1,31.5,30.9,31.6,31.6,31.2,31.7,,,,
DJI,Gini index,SI.POV.GINI,,,,,,,,,,,,,,,,,,,,,,,,,,,,,,,,,,,,,,,,,,,40.0,,,,,,,,,,45.1,44.1,,,,41.6,,,,,
DMA,Gini index,SI.POV.GINI,,,,,,,,,,,,,,,,,,,,,,,,,,,,,,,,,,,,,,,,,,,,,,,,,,,,,,,,,,,,,,,
DNK,Gini index,SI.POV.GINI,,,,,,,,,,,,,,,,,,,,,,,,,,,,26.2,,,,,24.7,,,23.0,,,,,23.8,,,25.6,24.9,25.2,25.9,26.2,25.2,26.7,27.2,27.3,27.8,28.5,28.4,28.2,28.2,28.7,28.2,27.7,,,
DOM,Gini index,SI.POV.GINI,,,,,,,,,,,,,,,,,,,,,,,,,,,47.8,,,50.5,,,51.4,,,,47.4,48.9,,,51.5,50.0,49.7,52.1,52.1,50.0,52.0,48.9,48.1,48.9,47.3,47.7,46.1,47.7,44.3,45.2,45.7,42.2,43.7,41.9,39.6,,
DZA,Gini index,SI.POV.GINI,,,,,,,,,,,,,,,,,,,,,,,,,,,,,40.2,,,,,,,35.3,,,,,,,,,,,,,,,,27.6,,,,,,,,,,,
EAP,Gini index,SI.POV.GINI,,,,,,,,,,,,,,,,,,,,,,,,,,,,,,,,,,,,,,,,,,,,,,,,,,,,,,,,,,,,,,,
EAR,Gini index,SI.POV.GINI,,,,,,,,,,,,,,,,,,,,,,,,,,,,,,,,,,,,,,,,,,,,,,,,,,,,,,,,,,,,,,,
EAS,Gini index,SI.POV.GINI,,,,,,,,,,,,,,,,,,,,,,,,,,,,,,,,,,,,,,,,,,,,,,,,,,,,,,,,,,,,,,,
ECA,Gini index,SI.POV.GINI,,,,,,,,,,,,,,,,,,,,,,,,,,,,,,,,,,,,,,,,,,,,,,,,,,,,,,,,,,,,,,,
ECS,Gini index,SI.POV.GINI,,,,,,,,,,,,,,,,,,,,,,,,,,,,,,,,,,,,,,,,,,,,,,,,,,,,,,,,,,,,,,,
ECU,Gini index,SI.POV.GINI,,,,,,,,,,,,,,,,,,,,,,,,,,,,,,,,,,,53.4,,,,,58.6,56.4,,,53.5,53.9,53.1,52.3,53.4,49.8,48.5,48.8,45.9,46.1,46.9,45.0,46.0,45.0,44.7,45.4,45.7,47.3,,
EGY,Gini index,SI.POV.GINI,,,,,,,,,,,,,,,,,,,,,,,,,,,,,,,32.0,,,,,30.1,,,,32.8,,,,,31.8,,,,31.1,,30.2,,28.3,,,31.8,,31.5,,,,,
EMU,Gini index,SI.POV.GINI,,,,,,,,,,,,,,,,,,,,,,,,,,,,,,,,,,,,,,,,,,,,,,,,,,,,,,,,,,,,,,,
ERI,Gini index,SI.POV.GINI,,,,,,,,,,,,,,,,,,,,,,,,,,,,,,,,,,,,,,,,,,,,,,,,,,,,,,,,,,,,,,,
ESP,Gini index,SI.POV.GINI,,,,,,,,,,,,,,,,,,,,,34.5,,,,,34.4,,,,,32.0,,,,,36.7,,,,,34.3,,,31.8,33.3,32.4,33.5,34.1,34.2,34.9,35.2,35.7,35.4,36.2,36.1,36.2,35.8,34.7,34.7,34.3,,,
EST,Gini index,SI.POV.GINI,,,,,,,,,,,,,,,,,,,,,,,,,,,,,,,,,,,,,,,,,,,,37.2,33.6,33.4,33.7,31.2,31.9,31.4,32.0,32.5,32.9,35.1,34.6,32.7,31.2,30.4,30.3,30.8,,,
ETH,Gini index,SI.POV.GINI,,,,,,,,,,,,,,,,,,,,,,,,,,,,,,,,,,,,44.6,,,,30.0,,,,,29.8,,,,,,33.2,,,,,35.0,,,,,,,
EUU,Gini index,SI.POV.GINI,,,,,,,,,,,,,,,,,,,,,,,,,,,,,,,,,,,,,,,,,,,,,,,,,,,,,,,,,,,,,,,
FCS,Gini index,SI.POV.GINI,,,,,,,,,,,,,,,,,,,,,,,,,,,,,,,,,,,,,,,,,,,,,,,,,,,,,,,,,,,,,,,
FIN,Gini index,SI.POV.GINI,,,,,,,,,,,,,,,,,,,,,,,,,,,,22.2,,,,22.9,,,,23.5,,,,,27.2,,,27.7,27.9,27.6,28.0,28.3,27.8,27.5,27.7,27.6,27.1,27.2,26.8,27.1,27.1,27.4,27.3,27.7,,,
FJI,Gini index,SI.POV.GINI,,,,,,,,,,,,,,,,,,,,,,,,,,,,,,,,,,,,,,,,,,,38.1,,,,,,40.4,,,,,36.7,,,,,,30.7,,,
FRA,Gini index,SI.POV.GINI,,,,,,,,,,,,,,,,,,,35.2,,,,,,36.9,,,,,32.2,,,,,32.3,,,,,,31.1,,,31.4,30.6,29.8,29.7,32.4,33.0,32.7,33.7,33.3,33.1,32.5,32.3,32.7,31.9,31.6,32.4,,,,
FRO,Gini index,SI.POV.GINI,,,,,,,,,,,,,,,,,,,,,,,,,,,,,,,,,,,,,,,,,,,,,,,,,,,,,,,,,,,,,,,
FSM,Gini index,SI.POV.GINI,,,,,,,,,,,,,,,,,,,,,,,,,,,,,,,,,,,,,,,,,,,,,,42.4,,,,,,,,40.1,,,,,,,,,
GAB,Gini index,SI.POV.GINI,,,,,,,,,,,,,,,,,,,,,,,,,,,,,,,,,,,,,,,,,,,,,,42.2,,,,,,,,,,,,38.0,,,,,
GBR,Gini index,SI.POV.GINI,,,,,,,,,,33.7,,,,,30.0,,,,,28.4,,,,,,,31.9,,,,,35.9,,,36.0,35.5,35.3,35.7,36.6,36.8,39.6,37.9,35.7,35.5,36.0,34.3,34.6,35.7,34.1,34.3,34.4,33.2,32.3,33.2,34.0,33.2,34.8,35.1,,,,,
GEO,Gini index,SI.POV.GINI,,,,,,,,,,,,,,,,,,,,,,,,,,,,,,,,,,,,,37.1,40.7,41.3,40.1,40.5,39.6,37.2,36.7,36.2,37.4,36.9,38.1,38.5,38.2,39.5,39.6,39.0,38.6,37.6,36.5,36.6,37.9,36.4,35.9,34.5,,
GHA,Gini index,SI.POV.GINI,,,,,,,,,,,,,,,,,,,,,,,,,,,,35.3,36.0,,,38.4,,,,,,,40.1,,,,,,,42.8,,,,,,,42.4,,,,43.5,,,,,,
GIB,Gini index,SI.POV.GINI,,,,,,,,,,,,,,,,,,,,,,,,,,,,,,,,,,,,,,,,,,,,,,,,,,,,,,,,,,,,,,,
GIN,Gini index,SI.POV.GINI,,,,,,,,,,,,,,,,,,,,,,,,,,,,,,,,46.8,,,46.1,,,,,,,,43.0,,,,,39.4,,,,,33.7,,,,,,29.6,,,,
GMB,Gini index,SI.POV.GINI,,,,,,,,,,,,,,,,,,,,,,,,,,,,,,,,,,,,,,,48.5,,,,,47.3,,,,,,,43.6,,,,,35.9,,,,,,,
GNB,Gini index,SI.POV.GINI,,,,,,,,,,,,,,,,,,,,,,,,,,,,,,,,,,43.6,,,,,,,,,35.6,,,,,,,,50.7,,,,,,,,34.8,,,,
GNQ,Gini index,SI.POV.GINI,,,,,,,,,,,,,,,,,,,,,,,,,,,,,,,,,,,,,,,,,,,,,,,,,,,,,,,,,,,,,,,
GRC,Gini index,SI.POV.GINI,,,,,,,,,,,,,,,,,,,,,,,,,,,,,,,,,,,,37.0,,,,,34.2,,,32.8,33.6,34.6,35.1,34.0,33.6,33.6,34.1,34.8,36.3,36.1,35.8,36.0,35.0,34.4,32.9,33.1,,,
GRD,Gini index,SI.POV.GINI,,,,,,,,,,,,,,,,,,,,,,,,,,,,,,,,,,,,,,,,,,,,,,,,,,,,,,,,,,,,,,,
GRL,Gini index,SI.POV.GINI,,,,,,,,,,,,,,,,,,,,,,,,,,,,,,,,,,,,,,,,,,,,,,,,,,,,,,,,,,,,,,,
GTM,Gini index,SI.POV.GINI,,,,,,,,,,,,,,,,,,,,,,,,,,,58.3,,,59.6,,,,,,,,,,,54.2,,,,,,54.6,,,,,,,,48.3,,,,,,,,
GUM,Gini index,SI.POV.GINI,,,,,,,,,,,,,,,,,,,,,,,,,,,,,,,,,,,,,,,,,,,,,,,,,,,,,,,,,,,,,,,
GUY,Gini index,SI.POV.GINI,,,,,,,,,,,,,,,,,,,,,,,,,,,,,,,,,,,,,,,45.1,,,,,,,,,,,,,,,,,,,,,,,,
HIC,Gini index,SI.POV.GINI,,,,,,,,,,,,,,,,,,,,,,,,,,,,,,,,,,,,,,,,,,,,,,,,,,,,,,,,,,,,,,,
HKG,Gini index,SI.POV.GINI,,,,,,,,,,,,,,,,,,,,,,,,,,,,,,,,,,,,,,,,,,,,,,,,,,,,,,,,,,,,,,,
HND,Gini index,SI.POV.GINI,,,,,,,,,,,,,,,,,,,,,,,,,,,,,,59.5,57.4,51.9,51.8,53.5,55.0,55.5,55.7,52.7,57.4,55.4,,55.4,55.7,58.1,58.1,59.5,57.5,55.8,55.5,51.3,53.1,52.6,53.4,50.0,49.9,49.2,49.8,49.4,48.9,48.2,,,
HPC,Gini index,SI.POV.GINI,,,,,,,,,,,,,,,,,,,,,,,,,,,,,,,,,,,,,,,,,,,,,,,,,,,,,,,,,,,,,,,
HRV,Gini index,SI.POV.GINI,,,,,,,,,,,,,,,,,,,,,,,,,,,,,,,,,,,,,,,,,,,,,,,,,,32.6,32.4,32.3,32.5,32.0,32.1,31.1,30.9,30.4,29.7,28.9,,,
HTI,Gini index,SI.POV.GINI,,,,,,,,,,,,,,,,,,,,,,,,,,,,,,,,,,,,,,,,,,,,,,,,,,,,,41.1,,,,,,,,,,
HUN,Gini index,SI.POV.GINI,,,,,,,,,,,,,,,,,,,,,,,,,,,,,,,,,,,,,,,,,,,,,29.9,34.7,28.3,27.9,27.5,27.0,29.4,29.2,30.8,31.5,30.9,30.4,30.3,30.6,29.6,30.0,,,
IBD,Gini index,SI.POV.GINI,,,,,,,,,,,,,,,,,,,,,,,,,,,,,,,,,,,,,,,,,,,,,,,,,,,,,,,,,,,,,,,
IBT,Gini index,SI.POV.GINI,,,,,,,,,,,,,,,,,,,,,,,,,,,,,,,,,,,,,,,,,,,,,,,,,,,,,,,,,,,,,,,
IDA,Gini index,SI.POV.GINI,,,,,,,,,,,,,,,,,,,,,,,,,,,,,,,,,,,,,,,,,,,,,,,,,,,,,,,,,,,,,,,
IDB,Gini index,SI.POV.GINI,,,,,,,,,,,,,,,,,,,,,,,,,,,,,,,,,,,,,,,,,,,,,,,,,,,,,,,,,,,,,,,
IDN,Gini index,SI.POV.GINI,,,,,,,,,,,,,,,,,,,,,,,,,33.5,,,31.4,,,32.3,,,33.2,,,35.6,,32.2,32.1,29.5,30.0,32.8,33.0,33.9,34.1,35.3,36.7,36.1,36.0,37.2,40.5,40.5,40.8,40.2,40.4,39.3,38.8,38.4,37.6,37.6,37.9,
IDX,Gini index,SI.POV.GINI,,,,,,,,,,,,,,,,,,,,,,,,,,,,,,,,,,,,,,,,,,,,,,,,,,,,,,,,,,,,,,,
IMN,Gini index,SI.POV.GINI,,,,,,,,,,,,,,,,,,,,,,,,,,,,,,,,,,,,,,,,,,,,,,,,,,,,,,,,,,,,,,,
IND,Gini index,SI.POV.GINI,,,,,,,,,,,,,,,,,,33.3,,,,,,32.1,,,,32.6,,,,,,31.7,,,,,,,,,,,34.4,,,,,35.4,,35.7,,,,34.7,34.8,35.9,34.6,35.7,,,
INX,Gini index,SI.POV.GINI,,,,,,,,,,,,,,,,,,,,,,,,,,,,,,,,,,,,,,,,,,,,,,,,,,,,,,,,,,,,,,,
IRL,Gini index,SI.POV.GINI,,,,,,,,,,,,,,,,,,,,,,,,,,,,35.5,,,,,,,36.9,37.0,35.6,,,,33.0,,32.3,32.9,33.6,33.8,32.7,31.9,30.9,32.7,32.3,32.9,33.2,33.5,31.9,31.8,32.8,31.4,30.6,,,,
IRN,Gini index,SI.POV.GINI,,,,,,,,,,,,,,,,,,,,,,,,,,,47.4,,,,43.6,,,,43.0,,,,44.1,,,,,,,43.6,44.8,,,42.1,,,,37.4,38.8,39.5,40.0,40.8,42.0,40.9,,,
IRQ,Gini index,SI.POV.GINI,,,,,,,,,,,,,,,,,,,,,,,,,,,,,,,,,,,,,,,,,,,,,,,28.6,,,,,,29.5,,,,,,,,,,
ISL,Gini index,SI.POV.GINI,,,,,,,,,,,,,,,,,,,,,,,,,,,,,,,,,,,,,,,,,,,,26.8,28.0,29.0,30.2,29.5,31.8,28.7,26.2,26.8,26.8,25.4,27.8,26.8,27.2,26.1,,,,,
ISR,Gini index,SI.POV.GINI,,,,,,,,,,,,,,,,,,,,36.3,,,,,,,36.5,,,,,,35.5,,,,,38.1,,,,38.9,39.6,40.7,41.5,42.3,41.6,41.1,41.6,42.6,42.5,41.4,41.6,40.2,39.8,39.7,39.0,38.2,38.6,,,,
ITA,Gini index,SI.POV.GINI,,,,,,,,,,,,,,,,,,,,,,,,,,,32.5,34.5,,32.6,,31.5,,35.5,,35.2,,,36.7,,35.3,,,34.9,34.3,33.8,33.7,32.9,33.8,33.8,34.7,35.1,35.2,34.9,34.7,35.4,35.2,35.9,35.2,,,,
JAM,Gini index,SI.POV.GINI,,,,,,,,,,,,,,,,,,,,,,,,,,,,,43.2,,41.1,,,35.7,,,40.4,,,44.1,,,48.3,,45.5,,,,,,,,,,,,,,,,,,
JOR,Gini index,SI.POV.GINI,,,,,,,,,,,,,,,,,,,,,,,,,,,36.1,,,,,,43.4,,,,,36.4,,,,,37.0,,,,33.9,,32.6,,33.7,,,,,,,,,,,,
JPN,Gini index,SI.POV.GINI,,,,,,,,,,,,,,,,,,,,,,,,,,,,,,,,,,,,,,,,,,,,,,,,,34.8,,32.1,,,32.9,,,,,,,,,
KAZ,Gini index,SI.POV.GINI,,,,,,,,,,,,,,,,,,,,,,,,,,,,,,,,,,,,,35.4,,,,,36.0,34.8,33.7,31.8,39.8,30.2,30.1,28.5,28.2,28.0,28.0,28.2,27.1,27.0,26.8,27.2,27.5,27.8,,,,
KEN,Gini index,SI.POV.GINI,,,,,,,,,,,,,,,,,,,,,,,,,,,,,,,,,57.5,,43.1,,,45.0,,,,,,,,46.5,,,,,,,,,,40.8,,,,,,,
KGZ,Gini index,SI.POV.GINI,,,,,,,,,,,,,,,,,,,,,,,,,,,,,,,,,,,,,,,,,31.0,30.2,30.3,28.7,34.8,32.6,37.4,33.9,31.5,29.9,30.1,27.8,27.4,28.8,26.8,29.0,26.8,27.3,27.7,29.7,29.0,,
KHM,Gini index,SI.POV.GINI,,,,,,,,,,,,,,,,,,,,,,,,,,,,,,,,,,,,,,,,,,,,,,,,,,,,,,,,,,,,,,,
KIR,Gini index,SI.POV.GINI,,,,,,,,,,,,,,,,,,,,,,,,,,,,,,,,,,,,,,,,,,,,,,,37.0,,,,,,,,,,,,,27.8,,,
KNA,Gini index,SI.POV.GINI,,,,,,,,,,,,,,,,,,,,,,,,,,,,,,,,,,,,,,,,,,,,,,,,,,,,,,,,,,,,,,,
KOR,Gini index,SI.POV.GINI,,,,,,,,,,,,,,,,,,,,,,,,,,,,,,,,,,,,,,,,,,,,,,,31.7,,32.3,,32.0,,31.6,,31.2,,31.4,,,,,,
KWT,Gini index,SI.POV.GINI,,,,,,,,,,,,,,,,,,,,,,,,,,,,,,,,,,,,,,,,,,,,,,,,,,,,,,,,,,,,,,,
LAC,Gini index,SI.POV.GINI,,,,,,,,,,,,,,,,,,,,,,,,,,,,,,,,,,,,,,,,,,,,,,,,,,,,,,,,,,,,,,,
LAO,Gini index,SI.POV.GINI,,,,,,,,,,,,,,,,,,,,,,,,,,,,,,,,,34.3,,,,,34.9,,,,,32.6,,,,,35.4,,,,,36.0,,,,,,38.8,,,,
LBN,Gini index,SI.POV.GINI,,,,,,,,,,,,,,,,,,,,,,,,,,,,,,,,,,,,,,,,,,,,,,,,,,,,31.8,,,,,,,,,,,
LBR,Gini index,SI.POV.GINI,,,,,,,,,,,,,,,,,,,,,,,,,,,,,,,,,,,,,,,,,,,,,,,,36.5,,,,,,,33.2,,35.3,,,,,,
LBY,Gini index,SI.POV.GINI,,,,,,,,,,,,,,,,,,,,,,,,,,,,,,,,,,,,,,,,,,,,,,,,,,,,,,,,,,,,,,,
LCA,Gini index,SI.POV.GINI,,,,,,,,,,,,,,,,,,,,,,,,,,,,,,,,,,,,42.6,,,,,,,,,,,,,,,,,,,,,51.2,,,,,,
LCN,Gini index,SI.POV.GINI,,,,,,,,,,,,,,,,,,,,,,,,,,,,,,,,,,,,,,,,,,,,,,,,,,,,,,,,,,,,,,,
LDC,Gini index,SI.POV.GINI,,,,,,,,,,,,,,,,,,,,,,,,,,,,,,,,,,,,,,,,,,,,,,,,,,,,,,,,,,,,,,,
LIC,Gini index,SI.POV.GINI,,,,,,,,,,,,,,,,,,,,,,,,,,,,,,,,,,,,,,,,,,,,,,,,,,,,,,,,,,,,,,,
LIE,Gini index,SI.POV.GINI,,,,,,,,,,,,,,,,,,,,,,,,,,,,,,,,,,,,,,,,,,,,,,,,,,,,,,,,,,,,,,,
LKA,Gini index,SI.POV.GINI,,,,,,,,,,,,,,,,,,,,,,,,,,32.5,,,,,32.4,,,,,35.4,,,,,,,40.2,,,,39.7,,,36.1,,,38.7,,,,39.3,,,,,,
LMC,Gini index,SI.POV.GINI,,,,,,,,,,,,,,,,,,,,,,,,,,,,,,,,,,,,,,,,,,,,,,,,,,,,,,,,,,,,,,,
LMY,Gini index,SI.POV.GINI,,,,,,,,,,,,,,,,,,,,,,,,,,,,,,,,,,,,,,,,,,,,,,,,,,,,,,,,,,,,,,,
LSO,Gini index,SI.POV.GINI,,,,,,,,,,,,,,,,,,,,,,,,,,,56.0,,,,,,,,63.2,,,,,,,,51.6,,,,,,,,,,,,,,,44.9,,,,,
LTE,Gini index,SI.POV.GINI,,,,,,,,,,,,,,,,,,,,,,,,,,,,,,,,,,,,,,,,,,,,,,,,,,,,,,,,,,,,,,,
LTU,Gini index,SI.POV.GINI,,,,,,,,,,,,,,,,,,,,,,,,,,,,,,,,,,,,,,,,,,,,,37.0,35.3,34.4,34.8,35.7,37.2,33.6,32.5,35.1,35.3,37.7,37.4,38.4,37.3,35.7,35.3,,,
LUX,Gini index,SI.POV.GINI,,,,,,,,,,,,,,,,,,,,,,,,,,26.7,,,,,,26.8,,,26.9,,,30.2,,,30.4,,,30.2,30.2,30.8,30.9,31.1,32.6,31.2,30.5,32.1,34.3,32.0,31.2,32.9,31.7,34.5,35.4,34.2,,,
LVA,Gini index,SI.POV.GINI,,,,,,,,,,,,,,,,,,,,,,,,,,,,,,,,,,,,,,,,,,,,,36.4,39.0,35.6,37.5,37.2,36.0,35.0,35.8,35.2,35.5,35.1,34.2,34.3,35.6,35.1,34.5,,,
MAC,Gini index,SI.POV.GINI,,,,,,,,,,,,,,,,,,,,,,,,,,,,,,,,,,,,,,,,,,,,,,,,,,,,,,,,,,,,,,,
MAF,Gini index,SI.POV.GINI,,,,,,,,,,,,,,,,,,,,,,,,,,,,,,,,,,,,,,,,,,,,,,,,,,,,,,,,,,,,,,,
MAR,Gini index,SI.POV.GINI,,,,,,,,,,,,,,,,,,,,,,,,,39.2,,,,,,39.2,,,,,,,,39.4,,40.6,,,,,,40.7,,,,,,,39.5,,,,,,,,,
MCO,Gini index,SI.POV.GINI,,,,,,,,,,,,,,,,,,,,,,,,,,,,,,,,,,,,,,,,,,,,,,,,,,,,,,,,,,,,,,,
MDA,Gini index,SI.POV.GINI,,,,,,,,,,,,,,,,,,,,,,,,,,,,,,,,,,,,,,36.9,39.5,42.6,36.4,38.0,35.8,34.9,35.0,36.3,35.4,34.4,34.7,32.9,32.1,30.6,29.2,28.5,26.8,27.0,26.3,25.9,25.7,26.0,,,
MDG,Gini index,SI.POV.GINI,,,,,,,,,,,,,,,,,,,,,46.8,,,,,,,,,,,,,45.3,,,,39.5,,38.6,,47.4,,,,39.9,,,,,42.4,,42.6,,,,,,,,,,
MDV,Gini index,SI.POV.GINI,,,,,,,,,,,,,,,,,,,,,,,,,,,,,,,,,,,,,,,,,,,41.3,,,,,,,38.4,,,,,,,31.3,,,29.3,,,
MEA,Gini index,SI.POV.GINI,,,,,,,,,,,,,,,,,,,,,,,,,,,,,,,,,,,,,,,,,,,,,,,,,,,,,,,,,,,,,,,
MEX,Gini index,SI.POV.GINI,,,,,,,,,,,,,,,,,,,,,,,,,,,,,,50.6,,,52.6,,52.8,,53.6,,51.7,,52.6,,50.1,,50.0,50.1,48.9,,49.9,,47.2,,48.7,,48.7,,47.7,,46.7,,45.4,,
MHL,Gini index,SI.POV.GINI,,,,,,,,,,,,,,,,,,,,,,,,,,,,,,,,,,,,,,,,,,,,,,,,,,,,,,,,,,,,35.5,,,
MIC,Gini index,SI.POV.GINI,,,,,,,,,,,,,,,,,,,,,,,,,,,,,,,,,,,,,,,,,,,,,,,,,,,,,,,,,,,,,,,
MKD,Gini index,SI.POV.GINI,,,,,,,,,,,,,,,,,,,,,,,,,,,,,,,,,,,,,,,,,,,,,,,,,,42.8,40.2,39.4,38.1,36.2,35.2,35.6,34.5,34.2,33.0,,,,
MLI,Gini index,SI.POV.GINI,,,,,,,,,,,,,,,,,,,,,,,,,,,,,,,,,,,50.4,,,,,,,39.9,,,,,38.9,,,33.0,,,,,,,,,36.1,,,,
MLT,Gini index,SI.POV.GINI,,,,,,,,,,,,,,,,,,,,,,,,,,,,,,,,,,,,,,,,,,,,,,,28.0,29.2,29.0,30.2,29.0,29.1,29.4,28.8,29.0,29.4,29.1,29.2,28.7,31.0,,,
MMR,Gini index,SI.POV.GINI,,,,,,,,,,,,,,,,,,,,,,,,,,,,,,,,,,,,,,,,,,,,,,,,,,,,,,,,38.1,,30.7,,,,,
MNA,Gini index,SI.POV.GINI,,,,,,,,,,,,,,,,,,,,,,,,,,,,,,,,,,,,,,,,,,,,,,,,,,,,,,,,,,,,,,,
MNE,Gini index,SI.POV.GINI,,,,,,,,,,,,,,,,,,,,,,,,,,,,,,,,,,,,,,,,,,,,,,,,,,,,,41.2,39.0,38.8,39.0,38.5,36.9,36.8,,,,
MNG,Gini index,SI.POV.GINI,,,,,,,,,,,,,,,,,,,,,,,,,,,,,,,,,,,,33.2,,,30.3,,,,32.9,,,,,35.8,,,33.1,33.9,33.8,,32.0,,32.3,,32.7,,,,
MNP,Gini index,SI.POV.GINI,,,,,,,,,,,,,,,,,,,,,,,,,,,,,,,,,,,,,,,,,,,,,,,,,,,,,,,,,,,,,,,
MOZ,Gini index,SI.POV.GINI,,,,,,,,,,,,,,,,,,,,,,,,,,,,,,,,,,,,,53.6,,,,,,47.0,,,,,,45.6,,,,,,54.0,,,,,,,,
MRT,Gini index,SI.POV.GINI,,,,,,,,,,,,,,,,,,,,,,,,,,,,43.9,,,,,,50.1,,37.7,,,,,39.0,,,,40.2,,,,35.7,,,,,,32.6,,,,,,,,
MUS,Gini index,SI.POV.GINI,,,,,,,,,,,,,,,,,,,,,,,,,,,,,,,,,,,,,,,,,,,,,,,35.7,,,,,,38.5,,,,,36.8,,,,,
MWI,Gini index,SI.POV.GINI,,,,,,,,,,,,,,,,,,,,,,,,,,,,,,,,,,,,,,65.8,,,,,,,39.9,,,,,,45.5,,,,,,44.7,,,38.5,,,
MYS,Gini index,SI.POV.GINI,,,,,,,,,,,,,,,,,,,,,,,,,48.6,,,47.0,,46.2,,,47.7,,,48.5,,49.1,,,,,,46.4,,,44.8,,45.5,,,43.9,,41.3,,41.1,,,,,,,
NAC,Gini index,SI.POV.GINI,,,,,,,,,,,,,,,,,,,,,,,,,,,,,,,,,,,,,,,,,,,,,,,,,,,,,,,,,,,,,,,
NAM,Gini index,SI.POV.GINI,,,,,,,,,,,,,,,,,,,,,,,,,,,,,,,,,,,,,,,,,,,,63.3,,,,,,61.0,,,,,,59.1,,,,,,,
NCL,Gini index,SI.POV.GINI,,,,,,,,,,,,,,,,,,,,,,,,,,,,,,,,,,,,,,,,,,,,,,,,,,,,,,,,,,,,,,,
NER,Gini index,SI.POV.GINI,,,,,,,,,,,,,,,,,,,,,,,,,,,,,,,,,36.1,,41.5,,,,,,,,,,,44.4,,37.3,,,,31.5,,,34.3,,,,37.3,,,,
NGA,Gini index,SI.POV.GINI,,,,,,,,,,,,,,,,,,,,,,,,,,38.7,,,,,,,45.0,,,,51.9,,,,,,,40.1,,,,,,,35.7,,35.5,,,35.9,,,35.1,,,,
NIC,Gini index,SI.POV.GINI,,,,,,,,,,,,,,,,,,,,,,,,,,,,,,,,,,57.4,,,,,54.4,,,52.9,,,,48.8,,,,43.9,,,,,46.2,,,,,,,,
NLD,Gini index,SI.POV.GINI,,,,,,,,,,,,,,,,,,,,,,,,28.4,,,,26.8,,,31.1,,,30.4,,,,,,28.1,,,,,29.8,29.0,30.0,29.6,29.3,27.9,27.8,27.8,27.6,28.1,28.6,28.2,28.2,28.5,28.1,29.2,,,
NOR,Gini index,SI.POV.GINI,,,,,,,,,,,,,,,,,,,,26.9,,,,,,,24.6,,,,,25.2,,,,26.0,,,,,27.4,,,27.6,31.6,30.6,26.4,27.1,27.0,26.2,25.7,25.3,25.7,26.4,26.8,27.5,28.5,27.0,27.6,27.7,,,
NPL,Gini index,SI.POV.GINI,,,,,,,,,,,,,,,,,,,,,,,,,,,,,,,,,,,,35.2,,,,,,,,43.8,,,,,,,32.8,,,,,,,,,,,,
NRU,Gini index,SI.POV.GINI,,,,,,,,,,,,,,,,,,,,,,,,,,,,,,,,,,,,,,,,,,,,,,,,,,,,,34.8,,,,,,,,,,
NZL,Gini index,SI.POV.GINI,,,,,,,,,,,,,,,,,,,,,,,,,,,,,,,,,,,,,,,,,,,,,,,,,,,,,,,,,,,,,,,
OED,Gini index,SI.POV.GINI,,,,,,,,,,,,,,,,,,,,,,,,,,,,,,,,,,,,,,,,,,,,,,,,,,,,,,,,,,,,,,,
OMN,Gini index,SI.POV.GINI,,,,,,,,,,,,,,,,,,,,,,,,,,,,,,,,,,,,,,,,,,,,,,,,,,,,,,,,,,,,,,,
OSS,Gini index,SI.POV.GINI,,,,,,,,,,,,,,,,,,,,,,,,,,,,,,,,,,,,,,,,,,,,,,,,,,,,,,,,,,,,,,,
PAK,Gini index,SI.POV.GINI,,,,,,,,,,,,,,,,,,,,,,,,,,,,33.3,,,33.2,,,,,,28.7,,33.1,,,28.7,,,30.9,31.3,,29.7,,,28.8,29.7,,29.5,,31.3,,,29.6,,,,
PAN,Gini index,SI.POV.GINI,,,,,,,,,,,,,,,,,,,,48.7,,,,,,,,,,58.9,,58.2,,,,57.8,,58.2,57.5,56.5,56.6,56.7,56.1,55.7,54.8,53.8,54.6,52.7,52.7,51.8,51.6,51.3,51.7,51.5,50.5,50.8,50.4,49.9,49.2,49.8,,,
PER,Gini index,SI.POV.GINI,,,,,,,,,,,,,,,,,,,,,,,,,,,,,,,,,,,,,,53.3,55.1,54.8,49.1,51.3,53.6,53.1,49.9,50.5,50.3,50.0,47.5,47.0,45.5,44.7,44.4,43.9,43.1,43.4,43.6,43.3,42.4,41.6,43.8,,
PHL,Gini index,SI.POV.GINI,,,,,,,,,,,,,,,,,,,,,,,,,,,,,,,,,,,,,,,,,47.7,,,46.6,,,47.2,,,46.3,,,46.5,,,44.6,,,42.3,,,,
PLW,Gini index,SI.POV.GINI,,,,,,,,,,,,,,,,,,,,,,,,,,,,,,,,,,,,,,,,,,,,,,,,,,,,,,,,,,,,,,,
PNG,Gini index,SI.POV.GINI,,,,,,,,,,,,,,,,,,,,,,,,,,,,,,,,,,,,,45.8,,,,,,,,,,,,,41.9,,,,,,,,,,,,,
POL,Gini index,SI.POV.GINI,,,,,,,,,,,,,,,,,,,,,,,,,,,,,,,,,,,,,,,,,,,,,38.0,35.8,34.7,34.0,33.5,33.4,33.2,33.2,33.0,33.1,32.8,31.8,31.2,29.7,30.2,,,,
PRE,Gini index,SI.POV.GINI,,,,,,,,,,,,,,,,,,,,,,,,,,,,,,,,,,,,,,,,,,,,,,,,,,,,,,,,,,,,,,,
PRI,Gini index,SI.POV.GINI,,,,,,,,,,,,,,,,,,,,,,,,,,,,,,,,,,,,,,,,,,,,,,,,,,,,,,,,,,,,,,,
PRK,Gini index,SI.POV.GINI,,,,,,,,,,,,,,,,,,,,,,,,,,,,,,,,,,,,,,,,,,,,,,,,,,,,,,,,,,,,,,,
PRT,Gini index,SI.POV.GINI,,,,,,,,,,,,,,,,,,,,,,,,,,,,,,,,,,,,,,,,,,,,38.8,38.9,38.5,38.1,36.8,36.6,34.9,35.8,36.3,36.0,36.2,35.6,35.5,35.2,33.8,33.5,32.8,,,
PRY,Gini index,SI.POV.GINI,,,,,,,,,,,,,,,,,,,,,,,,,,,,,,,40.8,,,,,58.2,,54.9,,54.6,,54.6,57.3,54.9,52.3,51.4,53.0,53.0,50.7,49.1,51.0,52.3,47.6,47.9,50.7,47.6,47.9,48.5,46.0,45.7,43.5,,
PSE,Gini index,SI.POV.GINI,,,,,,,,,,,,,,,,,,,,,,,,,,,,,,,,,,,,,,,,,,,,,34.0,34.7,34.0,35.6,,34.5,35.3,34.4,,,,,33.7,,,,,,
PSS,Gini index,SI.POV.GINI,,,,,,,,,,,,,,,,,,,,,,,,,,,,,,,,,,,,,,,,,,,,,,,,,,,,,,,,,,,,,,,
PST,Gini index,SI.POV.GINI,,,,,,,,,,,,,,,,,,,,,,,,,,,,,,,,,,,,,,,,,,,,,,,,,,,,,,,,,,,,,,,
PYF,Gini index,SI.POV.GINI,,,,,,,,,,,,,,,,,,,,,,,,,,,,,,,,,,,,,,,,,,,,,,,,,,,,,,,,,,,,,,,
QAT,Gini index,SI.POV.GINI,,,,,,,,,,,,,,,,,,,,,,,,,,,,,,,,,,,,,,,,,,,,,,,,,,,,,,,,,,,,,,,
ROU,Gini index,SI.POV.GINI,,,,,,,,,,,,,,,,,,,,,,,,,,,,,,,,,,,,,,,,,,,,,,,39.6,37.5,36.4,35.6,35.5,35.9,36.5,36.9,36.0,35.9,34.4,36.0,35.8,34.8,,,
RUS,Gini index,SI.POV.GINI,,,,,,,,,,,,,,,,,,,,,,,,,,,,,,,,,,,,,,38.4,38.1,37.4,37.1,36.9,37.3,40.0,40.3,41.3,41.0,42.3,41.6,39.8,39.5,39.7,40.7,40.9,39.9,37.7,36.8,37.2,37.5,37.7,36.0,,
RWA,Gini index,SI.POV.GINI,,,,,,,,,,,,,,,,,,,,,,,,,,,,,,,,,,,,,,,,,48.5,,,,,52.0,,,,,47.2,,,45.1,,,43.7,,,,,,
SAS,Gini index,SI.POV.GINI,,,,,,,,,,,,,,,,,,,,,,,,,,,,,,,,,,,,,,,,,,,,,,,,,,,,,,,,,,,,,,,
SAU,Gini index,SI.POV.GINI,,,,,,,,,,,,,,,,,,,,,,,,,,,,,,,,,,,,,,,,,,,,,,,,,,,,,,,,,,,,,,,
SDN,Gini index,SI.POV.GINI,,,,,,,,,,,,,,,,,,,,,,,,,,,,,,,,,,,,,,,,,,,,,,,,,,35.4,,,,,34.2,,,,,,,,
SEN,Gini index,SI.POV.GINI,,,,,,,,,,,,,,,,,,,,,,,,,,,,,,,,54.1,,,41.4,,,,,,,41.2,,,,39.2,,,,,,40.3,,,,,,,38.1,,,,
SGP,Gini index,SI.POV.GINI,,,,,,,,,,,,,,,,,,,,,,,,,,,,,,,,,,,,,,,,,,,,,,,,,,,,,,,,,,,,,,,
SLB,Gini index,SI.POV.GINI,,,,,,,,,,,,,,,,,,,,,,,,,,,,,,,,,,,,,,,,,,,,,,46.1,,,,,,,37.1,,,,,,,,,,
SLE,Gini index,SI.POV.GINI,,,,,,,,,,,,,,,,,,,,,,,,,,,,,,,,,,,,,,,,,,,,40.2,,,,,,,,34.0,,,,,,,35.7,,,,
SLV,Gini index,SI.POV.GINI,,,,,,,,,,,,,,,,,,,,,,,,,,,,,,,,54.0,,,,49.9,51.0,,54.5,52.2,51.5,51.4,51.9,50.5,47.8,48.5,45.7,45.2,46.9,45.8,43.5,42.3,41.8,43.4,41.6,40.6,40.0,38.0,38.6,38.8,,,
SMR,Gini index,SI.POV.GINI,,,,,,,,,,,,,,,,,,,,,,,,,,,,,,,,,,,,,,,,,,,,,,,,,,,,,,,,,,,,,,,
SOM,Gini index,SI.POV.GINI,,,,,,,,,,,,,,,,,,,,,,,,,,,,,,,,,,,,,,,,,,,,,,,,,,,,,,,,,,36.8,,,,,
SRB,Gini index,SI.POV.GINI,,,,,,,,,,,,,,,,,,,,,,,,,,,,,,,,,,,,,,,,,,,,,,,,,,,,,39.9,39.5,40.5,40.5,38.8,36.2,35.0,34.5,,,
SSA,Gini index,SI.POV.GINI,,,,,,,,,,,,,,,,,,,,,,,,,,,,,,,,,,,,,,,,,,,,,,,,,,,,,,,,,,,,,,,
SSD,Gini index,SI.POV.GINI,,,,,,,,,,,,,,,,,,,,,,,,,,,,,,,,,,,,,,,,,,,,,,,,,,46.3,,,,,,,44.1,,,,,,
SSF,Gini index,SI.POV.GINI,,,,,,,,,,,,,,,,,,,,,,,,,,,,,,,,,,,,,,,,,,,,,,,,,,,,,,,,,,,,,,,
SST,Gini index,SI.POV.GINI,,,,,,,,,,,,,,,,,,,,,,,,,,,,,,,,,,,,,,,,,,,,,,,,,,,,,,,,,,,,,,,
STP,Gini index,SI.POV.GINI,,,,,,,,,,,,,,,,,,,,,,,,,,,,,,,,,,,,,,,,,32.1,,,,,,,,,,30.8,,,,,,,40.7,,,,,
SUR,Gini index,SI.POV.GINI,,,,,,,,,,,,,,,,,,,,,,,,,,,,,,,,,,,,,,,,57.9,,,,,,,,,,,,,,,,,,,,,,,
SVK,Gini index,SI.POV.GINI,,,,,,,,,,,,,,,,,,,,,,,,,,,,,,,,,,,,,,,,,,,,,27.1,29.3,25.8,24.7,26.0,27.2,27.3,26.5,26.1,28.1,26.1,26.5,25.2,23.2,25.0,23.2,,,
SVN,Gini index,SI.POV.GINI,,,,,,,,,,,,,,,,,,,,,,,,,,,,,,,,,,,,,,,,,,,,,24.8,24.6,24.4,24.4,23.7,24.8,24.9,24.9,25.6,26.2,25.7,25.4,24.8,24.2,24.6,24.4,,,
SWE,Gini index,SI.POV.GINI,,,,,,,,34.0,,,,,,,,24.3,,,,,,22.9,,,,,,23.1,,,,,24.9,,,25.2,,,,,27.2,,,25.3,26.1,26.8,26.4,27.1,28.1,27.3,27.7,27.6,27.6,28.8,28.4,29.2,29.6,28.8,30.0,29.3,,,
SWZ,Gini index,SI.POV.GINI,,,,,,,,,,,,,,,,,,,,,,,,,,,,,,,,,,,60.5,,,,,,53.1,,,,,,,,,51.5,,,,,,,54.6,,,,,,
SXM,Gini index,SI.POV.GINI,,,,,,,,,,,,,,,,,,,,,,,,,,,,,,,,,,,,,,,,,,,,,,,,,,,,,,,,,,,,,,,
SYC,Gini index,SI.POV.GINI,,,,,,,,,,,,,,,,,,,,,,,,,,,,,,,,,,,,,,,,,,,,,,,,,,,,,,46.8,,,,,32.1,,,,
SYR,Gini index,SI.POV.GINI,,,,,,,,,,,,,,,,,,,,,,,,,,,,,,,,,,,,,35.2,,,,,,,37.5,,,,,,,,,,,,,,,,,,,
TCA,Gini index,SI.POV.GINI,,,,,,,,,,,,,,,,,,,,,,,,,,,,,,,,,,,,,,,,,,,,,,,,,,,,,,,,,,,,,,,
TCD,Gini index,SI.POV.GINI,,,,,,,,,,,,,,,,,,,,,,,,,,,,,,,,,,,,,,,,,,,,39.8,,,,,,,,43.3,,,,,,,37.5,,,,
TEA,Gini index,SI.POV.GINI,,,,,,,,,,,,,,,,,,,,,,,,,,,,,,,,,,,,,,,,,,,,,,,,,,,,,,,,,,,,,,,
TEC,Gini index,SI.POV.GINI,,,,,,,,,,,,,,,,,,,,,,,,,,,,,,,,,,,,,,,,,,,,,,,,,,,,,,,,,,,,,,,
TGO,Gini index,SI.POV.GINI,,,,,,,,,,,,,,,,,,,,,,,,,,,,,,,,,,,,,,,,,,,,,,,42.2,,,,,46.0,,,,43.1,,,42.4,,,,
THA,Gini index,SI.POV.GINI,,,,,,,,,,,,,,,,,,,,,,45.2,,,,,,,43.8,,45.3,,47.9,,43.5,,42.9,,41.5,43.1,42.8,,41.9,,42.5,,41.8,39.8,40.3,39.6,39.4,37.5,39.3,37.8,37.0,36.0,36.9,36.5,36.4,34.9,35.0,,
TJK,Gini index,SI.POV.GINI,,,,,,,,,,,,,,,,,,,,,,,,,,,,,,,,,,,,,,,,29.5,,,,32.7,33.6,,,32.2,,30.8,,,,,,34.0,,,,,,,
TKM,Gini index,SI.POV.GINI,,,,,,,,,,,,,,,,,,,,,,,,,,,,,,,,,,,,,,,40.8,,,,,,,,,,,,,,,,,,,,,,,,
TLA,Gini index,SI.POV.GINI,,,,,,,,,,,,,,,,,,,,,,,,,,,,,,,,,,,,,,,,,,,,,,,,,,,,,,,,,,,,,,,
TLS,Gini index,SI.POV.GINI,,,,,,,,,,,,,,,,,,,,,,,,,,,,,,,,,,,,,,,,,,35.9,,,,,,27.8,,,,,,,28.7,,,,,,,,
TMN,Gini index,SI.POV.GINI,,,,,,,,,,,,,,,,,,,,,,,,,,,,,,,,,,,,,,,,,,,,,,,,,,,,,,,,,,,,,,,
TON,Gini index,SI.POV.GINI,,,,,,,,,,,,,,,,,,,,,,,,,,,,,,,,,,,,,,,,,37.7,,,,,,,,,37.5,,,,,,37.6,,,,,,,
TSA,Gini index,SI.POV.GINI,,,,,,,,,,,,,,,,,,,,,,,,,,,,,,,,,,,,,,,,,,,,,,,,,,,,,,,,,,,,,,,
TSS,Gini index,SI.POV.GINI,,,,,,,,,,,,,,,,,,,,,,,,,,,,,,,,,,,,,,,,,,,,,,,,,,,,,,,,,,,,,,,
TTO,Gini index,SI.POV.GINI,,,,,,,,,,,,,,,,,,,,,,,,,,,,,42.6,,,,40.3,,,,,,,,,,,,,,,,,,,,,,,,,,,,,,
TUN,Gini index,SI.POV.GINI,,,,,,,,,,,,,,,,,,,,,,,,,,43.4,,,,,40.2,,,,,41.7,,,,,40.8,,,,,37.7,,,,,35.8,,,,,32.8,,,,,,,
TUR,Gini index,SI.POV.GINI,,,,,,,,,,,,,,,,,,,,,,,,,,,,43.5,,,,,,,41.3,,,,,,,,41.4,42.2,41.3,42.6,39.6,38.4,39.0,39.0,38.8,40.0,40.2,40.2,41.2,42.9,41.9,41.4,41.9,41.9,,,
TUV,Gini index,SI.POV.GINI,,,,,,,,,,,,,,,,,,,,,,,,,,,,,,,,,,,,,,,,,,,,,,,,,,,39.1,,,,,,,,,,,,
TZA,Gini index,SI.POV.GINI,,,,,,,,,,,,,,,,,,,,,,,,,,,,,,,,35.3,,,,,,,,,37.3,,,,,,,40.3,,,,37.8,,,,,,,40.5,,,,
UGA,Gini index,SI.POV.GINI,,,,,,,,,,,,,,,,,,,,,,,,,,,,,,44.4,,,41.4,,,,39.0,,,43.0,,,45.2,,,42.9,,,,44.2,,,41.0,,,,42.8,,,42.7,,,
UKR,Gini index,SI.POV.GINI,,,,,,,,,,,,,,,,,,,,,,,,,,,,,,,,,29.7,28.9,,39.3,35.2,,,,,,29.0,28.7,28.9,29.0,29.8,27.0,26.6,25.3,24.8,24.6,24.7,24.6,24.0,25.5,25.0,26.0,26.1,26.6,25.6,,
UMC,Gini index,SI.POV.GINI,,,,,,,,,,,,,,,,,,,,,,,,,,,,,,,,,,,,,,,,,,,,,,,,,,,,,,,,,,,,,,,
URY,Gini index,SI.POV.GINI,,,,,,,,,,,,,,,,,,,,,,,,,,,,,,,,,,,,,,,,,,,,,,,45.9,46.4,45.1,45.5,44.5,42.2,39.9,40.5,40.1,40.1,39.7,39.5,39.7,39.7,40.2,,
USA,Gini index,SI.POV.GINI,,,,,,,,,,,,,,,35.3,,,,,34.5,,,,,,,37.4,,,,,38.0,38.4,40.4,40.0,39.9,40.3,40.5,40.0,40.0,40.1,40.6,40.4,40.8,40.3,41.0,41.4,40.8,40.8,40.6,40.0,40.9,40.9,40.7,41.5,41.2,41.1,41.2,41.4,41.5,,,
UZB,Gini index,SI.POV.GINI,,,,,,,,,,,,,,,,,,,,,,,,,,,,,,,,,,,,,,,44.7,,36.1,,33.0,35.3,,,,,,,,,,,,,,,,,,,
VCT,Gini index,SI.POV.GINI,,,,,,,,,,,,,,,,,,,,,,,,,,,,,,,,,,,,,,,,,,,,,,,,,,,,,,,,,,,,,,,
VEN,Gini index,SI.POV.GINI,,,,,,,,,,,,,,,,,,,,,,55.6,,,,,,53.4,,43.8,,,42.1,,,47.2,,,48.1,47.8,,47.2,49.0,48.1,47.5,49.5,44.8,,,,,,,,,,,,,,,,
VGB,Gini index,SI.POV.GINI,,,,,,,,,,,,,,,,,,,,,,,,,,,,,,,,,,,,,,,,,,,,,,,,,,,,,,,,,,,,,,,
VIR,Gini index,SI.POV.GINI,,,,,,,,,,,,,,,,,,,,,,,,,,,,,,,,,,,,,,,,,,,,,,,,,,,,,,,,,,,,,,,
VNM,Gini index,SI.POV.GINI,,,,,,,,,,,,,,,,,,,,,,,,,,,,,,,,,35.7,,,,,35.4,,,,,37.0,,36.8,,35.8,,35.6,,39.3,,35.6,,34.8,,35.3,,35.7,,,,
VUT,Gini index,SI.POV.GINI,,,,,,,,,,,,,,,,,,,,,,,,,,,,,,,,,,,,,,,,,,,,,,,,,,,37.4,,,,,,,,,32.3,,,
WLD,Gini index,SI.POV.GINI,,,,,,,,,,,,,,,,,,,,,,,,,,,,,,,,,,,,,,,,,,,,,,,,,,,,,,,,,,,,,,,
WSM,Gini index,SI.POV.GINI,,,,,,,,,,,,,,,,,,,,,,,,,,,,,,,,,,,,,,,,,,,40.7,,,,,,42.0,,,,,38.7,,,,,,,,,
XKX,Gini index,SI.POV.GINI,,,,,,,,,,,,,,,,,,,,,,,,,,,,,,,,,,,,,,,,,,,,29.0,,31.2,30.3,,,31.8,33.3,27.8,29.0,26.3,27.3,26.5,26.7,29.0,,,,,
YEM,Gini index,SI.POV.GINI,,,,,,,,,,,,,,,,,,,,,,,,,,,,,,,,,,,,,,,35.0,,,,,,,34.7,,,,,,,,,36.7,,,,,,,,
ZAF,Gini index,SI.POV.GINI,,,,,,,,,,,,,,,,,,,,,,,,,,,,,,,,,,59.3,,,,,,,57.8,,,,,64.8,,,63.0,,63.4,,,,63.0,,,,,,,,
ZMB,Gini index,SI.POV.GINI,,,,,,,,,,,,,,,,,,,,,,,,,,,,,,,,60.5,,52.6,,,48.3,,49.1,,,,42.1,,54.3,,54.6,,,,55.6,,,,,57.1,,,,,,,
ZWE,Gini index,SI.POV.GINI,,,,,,,,,,,,,,,,,,,,,,,,,,,,,,,,,,,,,,,,,,,,,,,,,,,,43.2,,,,,,44.3,,50.3,,,
